id,question,answer
1,Who are Centenary Bank?,"Centenary Bank's history dates back to 1983 when it started as a credit trust of the Uganda National Lay Apostolate. Operations started in 1985 with two main purposes: serving the rural poor and contributing to Uganda's socio-economic development. In 1993, it transitioned to Centenary Rural Development Bank Limited and was licensed as a full-service commercial bank. Today it is Uganda's leading Microfinance Bank with an asset base of UGX 8.496 trillion, serving 3 million customers through 83 branches, 219 ATMs, over 8,758 Agents, and digital channels including CenteMobile, CenteOnline banking, CenteVisa debit & prepaid cards, and Mastercard Platinum debit card. Vision: 'To be the best provider of Financial Services, especially Microfinance.'"
2,Does Centenary Bank have a corporate social responsibility programme?,"Yes. The bank dedicates up to 2% of its previous year's after-tax profits towards Corporate Social Investment (CSI) annually, per its corporate responsibility policy. It has invested more than Ushs 1 billion in CSR programmes over the last four years, focusing on financial education, health, environment, church social work, and other community activities, especially in rural areas."
3,What services and products does Centenary Bank offer?,"Centenary Bank offers deposit, savings, credit/loan and advances, and money transfer services, tailored for Government, SMEs, Corporate, and Individual customers, delivered through different channels based on customer needs."
4,What form of banking channels does Centenary Bank have for customers?,"219 ATMs, 83 branches, and over 8,758 CenteAgents across the country, plus digital channels: CenteMobile, CenteOnline banking, and CenteVisa debit & prepaid cards."
5,Where is Centenary Bank's Head Office located?,"Mapeera House, Plot 44-46 Kampala Road & 2 Burton Street, Kampala City."
6,Which numbers can I call for support?,"Toll-free: 0800 200555 / 0800 335344, or email info@centenarybank.co.ug. Customers abroad can call 0317202002."
7,Is my account accessible at any branch?,"Yes, a customer can access their account at any Centenary Bank branch."
8,What is the required minimum account balance?,"UShs. 10,000."
9,What is a CenteSacco Savings Account?,"A specialized savings account tailored for SACCOs (Savings and Credit Cooperative Organizations), designed to encourage savings among SACCO members and facilitate their lending and investment activities."
10,What are the benefits of opening a CenteSacco savings account?,"No monthly ledger/maintenance fee; tiered interest on account balances; free quarterly account statements; free financial literacy, mentorship, and entrepreneurship training; access to standing order and direct debit facilities; cheap & competitive loan interest rate; cheap & competitive life & credit insurance package; secure digital technology access; internet banking services (with applicable charges)."
11,How can I make a cash withdrawal from the account?,"Over the counter or through digital channels including CenteAgents, ATMs, and CenteMobile bank-to-wallet transfers."
12,What are the features of the CenteSacco savings account?,"Denominated in Uganda Shillings; no minimum cash deposit to open; minimum balance requirement of UShs. 10,000; interest-bearing; withdrawals via withdrawal vouchers & Cente Swift digital technology; accessible at any branch; monthly statement issuance on request, one free per quarter; accepts cash, wire, cheque, and other deposits; can have a cheque book."
13,What are the requirements for opening a CenteSacco savings account?,No opening cash deposit; two recent passport-size photos of account signatories; valid National ID for signatories; copy of SACCO registration certificate (not certified); copy of SACCO bylaws (not certified); copy of minutes and resolution to open the account (handwritten allowed); introduction letter from the District Commercial Officer (DCO).
14,How is the interest for the CenteSacco savings account calculated?,"Tiered rates by balance: 3% p.a. for UShs. 2M–300M, 4% p.a. for above 300M up to 500M, and 5% p.a. for balances exceeding 500M."
15,What are the charges for withdrawals from a CenteSacco savings account?,"Up to UShs. 50M: UShs. 6,000. Between UShs. 50M and 200M: UShs. 10,000. Above UShs. 200M: UShs. 20,000."
16,Does the CenteSacco account offer internet banking services?,"Yes, providing convenient online access to account management and transactions."
17,What documents are required for the CenteSacco savings account signatories?,Two recent passport-size photos and a valid National Identification Card.
18,Is there a minimum balance requirement for the CenteSacco savings account?,"Yes, UShs. 10,000 to maintain the account."
19,Are there any account maintenance fees for the CenteSacco savings account?,No maintenance fees for the CenteSACCO Savings Account.
20,How often are account statements issued for the CenteSacco savings account?,Free once a quarter; monthly statements available on request.
21,What types of deposits are accepted for the CenteSacco savings account?,"Cash, wire transfers, cheques, and other acceptable means including digital and mobile money."
22,What is the process for withdrawing cash from a CenteSacco savings account?,"Complete a withdrawal voucher at any branch, or use Centeswift Technology via bank agents."
23,Do the CenteSacco savings accounts offer any additional benefits and services?,"Free financial literacy, mentorship and entrepreneurship training; a standing order facility; competitive loan interest rates; a competitive life & credit insurance package; and access to a secure SACCO App promoting transparency."
24,What is a CenteSacco Current Account?,A special current account designed for SACCOs and Cooperatives to accumulate savings for financing their lending operations or future investment plans.
25,Who is eligible for the CenteSacco Current Account?,All types of co-operatives are eligible.
26,What are the benefits for opening a CenteSacco Current Account?,"No monthly ledger/maintenance fee; tiered interest on balances; free quarterly account statements; free financial literacy, mentorship, and entrepreneurship training; standing order and direct debit access; cheap & competitive loan interest rate; cheap & competitive life & credit insurance package; secure digital technology access; internet banking (with applicable charges)."
27,Is there a minimum fee for a CenteSacco Current Account?,No maintenance fee.
28,How is the interest calculated for the CenteSacco Current Account?,Calculated on a tiered basis depending on the account balance.
29,Are there any charges for issuing statements?,"No, account statements are issued free of charge quarterly."
30,How much are the withdrawal charges for the CenteSacco Current accounts?,"Vary based on the amount withdrawn, ranging from UShs. 6,000 to UShs. 20,000."
31,Is there any financial literacy or entrepreneurship training for the CenteSacco Current Account?,"Yes, free financial literacy, mentorship, and entrepreneurship training is offered."
32,What are the charges for standing orders and direct debits?,"Standing orders: UShs. 3,000. Direct debits: UShs. 1,000."
33,What are the interest rates for loans obtained through the CenteSacco Current Account?,13% per annum.
34,What insurance package is offered for the CenteSacco Current Account?,A competitive insurance package covering both life & credit.
35,Can you explain the features of the secure SACCO App mentioned?,The SACCO digital technology promotes transparency in SACCO activities and ensures safe and secure transactions.
36,"Is internet banking available for the CenteSacco Current Account, and what are the related charges?","Yes, available with applicable charges per transaction."
37,What currency is the account denominated in?,Uganda Shillings.
38,What is the minimum account cash deposit required?,Zero.
39,"How often are the account statements issued, and can they be requested frequently?",Free once quarterly; monthly statements can be requested at a fee.
40,What are the acceptable deposits for this type of account?,"Cash, wire/digital technology, cheques, and other acceptable means."
41,What documents are required to open the CenteSacco Current Account?,"Two recent passport-size photos of account signatories; valid National ID cards for signatories; copies of SACCO registration certificate, SACCO bylaws, minutes and resolution to open the account, and an introduction letter from the District Commercial Officer (DCO)."
42,What is the process for obtaining a copy of the SACCO registration certificate?,"Typically involves contacting the District Commercial Officer (DCO) for documentation, then applying through the Cooperative registry Management Information System at https://coopmis.mtic.go.ug"
43,Can you explain the requirement for a copy of the SACCO bylaws?,Required to ensure compliance with regulations governing Cooperatives/SACCOs in Uganda; obtainable online via the same link as the registration certificate.
44,How do I obtain an introduction letter from the District Commercial Officer (DCO)?,By contacting their office and following their account-opening procedures.
45,What is a Cente Diaspora account?,"An individual savings account targeting Ugandans living and working abroad, particularly those interested in saving or investing back home."
46,Why was the CenteDiaspora Account developed?,"Developed as part of the bank's growth strategy to boost the deposit base by tapping into Ugandans living overseas, helping them save for investment and manage expenses back home."
47,Who is eligible for the CenteDiaspora Account?,"All professionals (permitted residents and account holders with banks abroad); Ugandans in informal/casual employment abroad with requisite visas or authorization to stay, including students or those processing residence permission."
48,What are the key features of the Cente Diaspora account?,"Denominated in UGX, USD, GBP and EURO; opening balance of USD 200, GBP 100, Euro 100, or UGX 10,000; tiered interest of 3%-5% for UGX accounts and 0.25% p.a. for foreign currency accounts; no ledger/account maintenance fees; direct deposits via authorized money transfer companies, TTs, or agents (Send Wave, Western Union, MoneyGram, etc.); no Over the Counter (OTC) charge; a dedicated Relationship Manager; mobile app access; free quarterly online statement via email; withdrawals via CenteMobile, Visa-enabled ATM, and other providers/agents; mandatory transaction email alerts; email instructions allowed (with indemnity)."
49,What are the requirements for opening a CenteDiaspora Account?,"Ugandan National ID; copy of resident passport or valid resident ID; one recent colored passport-size photo of the applicant(s); initial opening balance of USD 200, GBP 100, Euro 100, or UGX 10,000."
50,What are the benefits for opening a CenteDiaspora account?,"No ledger/account maintenance fee; no OTC charge; dedicated Relationship Manager; tiered interest of 3%-5% p.a. for UGX accounts, 0.25% p.a. for foreign currency accounts, paid quarterly on balances above the initial deposit; safe & secure investment options; free quarterly online statement on request; accessible at any branch, agent, CenteMobile, Visa ATM, or internet banking; deposits via partner money transfer companies, TTs, or remittance agencies; withdrawals via CenteMobile, CenteOnline Banking, or debit cards; free email transaction alerts (plus free SMS for local numbers); remote account management for non-resident Ugandans."
51,"Are there transaction charges, fees and/or commissions charged by the Bank for the CenteDiaspora Account?","Other than ledger fees, account management fees and OTC charges, fees for other services apply."
52,How can a customer access their Diaspora Account while abroad?,"Via CenteMobile, CenteOnline Banking, or ATM VISA debit and prepaid card."
53,Can the customer's international number be connected to CenteMobile?,"Yes, and it's the recommended number, unless the customer prefers their locally registered number."
54,Is it possible for a customer with an ordinary savings account to change it to CenteDiaspora?,"No, but the customer can hold both the Ordinary Savings account and the CenteDiaspora Account."
55,"Can a customer operate more than one CenteDiaspora account (e.g. individual, joint, or group)?","Yes, if: the accounts are in different currencies (UGX/GBP/USD); the accounts are joint (co-owned); or the accounts serve different purposes and are all actively operational."
56,Is CenteDiaspora Account for individual accounts only?,"Presently yes, but non-personal and group accounts are proposed for applicants meeting requirements for legal entities like a company/group."
57,Can a CenteDiaspora account holder apply for a loan?,"Yes, if they meet the requirements for the loan applied for."
58,How do I activate my account when it runs Inactive/Dormant?,Make a cash deposit at any branch or agent to activate the account.
59,When does my account become inactive or dormant?,Inactive after 6 months of no activity (deposit or withdrawal); dormant after one year of inactivity.
60,Can I instruct someone back home to pick money from my Account?,"No, but you can transfer from your account to their account or mobile wallet via the mobile banking platform."
61,"Which email should one use when help is needed, or an enquiry is to be made?","diasporabanking@centenarybank.co.ug, or call customer care on 0800200555/0800335344."
62,What is the procedure for getting a loan from CenteMobile?,"Dial *211# or log onto the CenteMobile App; select CenteMobile and enter your PIN; select CenteMobile Loans; select Check loan limit; select Request loan; select 1 to confirm loan account; enter amount and repayment period (1, 2 or 3 months); accept the terms for disbursement; you'll receive a confirmation SMS once funds are deposited, then can withdraw from your bank account."
63,How do I check my account balance on CenteMobile?,Dial *211# or log onto the CenteMobile App; select CenteMobile and enter PIN; select My accounts; select Balance enquiry; select 1 to confirm the account and view actual/available balance. Each enquiry transaction costs UShs. 300.
64,What is the procedure for transferring money from my mobile money account to my account?,"Airtel: Dial *185#, select Financial services then Banks, select Centenary Bank, enter account number and follow prompts (Airtel Money charges apply). MTN: Dial *165#, select Financial services, select Bank deposit, select Centenary Bank and follow prompts (MTN charges apply). Must be registered on CenteMobile to transfer funds."
65,What do I do when my mobile banking PIN has been blocked?,"Customers abroad: email info@centenarybank.co.ug with scanned National ID, visa page, passport, and full account details. Customers in-country: visit a branch with a valid National ID for a PIN reset. Visa debit card holders can use the CenteMobile App's 'forgot PIN' option."
66,Why does my money keep getting deducted at the end of the month?,"Standard charges: UGX 3,000 ledger fee for savings accounts; UGX 11,000 for current accounts; UGX 10,000 annual Visa card fee. Each bank charge attracts 15% excise duty. If a deduction isn't among these, call the toll-free lines 0800200555 (MTN) or 0800335344 (Airtel)."
67,How much is the charge for a bank statement?,"Interim statement: UGX 5,000 per page. Electronic statement: UGX 2,000 per page. Duplicate statement: UGX 4,000 per page."
68,What are the charges for transacting using the Visa card?,"International ATM cash withdrawals: 4% of transaction value. Online/POS purchases: USD 2.5 plus 5% forex mark-up. Cente ATM withdrawals: UGX 1,000 for UGX 1 million and below. Other Visa-enabled ATMs countrywide: UGX 5,000. Local POS payments: free. Interswitch-enabled ATM withdrawals: UGX 1,500."
69,What are the requirements for opening a savings account with Centenary Bank?,"Have a valid original National ID and registered mobile number, then download the CenteMobile App, click CenteOn the Go, choose the preferred account, and follow the prompts. Alternatively, visit any branch with: two passport-size photos; a valid ID (copy of National ID); an initial opening cash deposit of UGX 10,000 (plus UGX 15,000 for a new Visa card)."
70,What are the requirements for obtaining a Visa card?,"Visit a branch with a National ID; the card costs UGX 15,000 and is instantly issued and activated."
71,What are the requirements for obtaining a Visa Card replacement?,"Call the toll-free lines 0800200555 (MTN) or 0800335344 (Airtel) to block the lost card, then visit any branch with your National ID for a replacement at UGX 15,000. Turnaround time is same day."
72,What are the withdrawals over the counter charges?,"UGX 0–2,000,000: UGX 5,000. UGX 2,000,001–5,099,999: UGX 5,000. UGX 5,100,000–50,999,999: UGX 6,000."
73,Does Centenary Bank offer Internet banking services?,"Yes — you can view account balances, transaction history, download statements, pay bills, buy goods, and more."
74,What is a CenteVSLA Savings Account and what benefits does it offer?,"A specialized savings account for Village Savings and Loan Associations (VSLAs), offering attractive interest rates, financial literacy and entrepreneurship training, collateralization of the account balance for credit facilities, and services like POS, SMS-banking, and online banking."
75,How can I access financial literacy and entrepreneurship training with a CenteVSLA Savings Account?,"Request through the branch, a partner, or directly at head office. The bank conducts a training needs assessment to identify gaps and tailors the training at group level."
76,What services are available with a CenteVSLA Savings Account?,"POS service, CenteLinkApp services, and CenteMobile banking for transactions and account management."
77,What are the requirements for opening a CenteVSLA Savings Account?,No opening cash deposit; two recent passport-size photos of account signatories; valid National ID for signatories; copy of VSLA registration certificate (not certified); copy of VSLA Constitution (not certified); copy of minutes and resolution to open the account (handwritten allowed); introduction letter from the District Community Development Officer (DCDO).
78,"What currency is the CenteVSLA Savings Account denominated in, and what is the minimum balance required?","Uganda Shillings, with a minimum balance requirement of UShs. 5,000."
79,Are there any fees associated with maintaining a CenteVSLA Savings Account?,No account ledger/maintenance fees.
80,How often will I receive statements of account with a CenteVSLA Savings Account?,"Monthly statements, with one free statement per quarter."
81,How can I deposit and withdraw funds from my CenteVSLA Savings Account?,"Deposits via cash, wire, CenteLinkApp digital technology, cheque, or other acceptable means. Withdrawals via a completed withdrawal voucher."
82,Can the balance in my CenteVSLA Savings Account be used as collateral for credit facilities?,"Yes, the credit balance can be pledged as collateral for wholesale credit facilities."
83,Can I open a CenteVSLA Savings Account with no initial cash deposit?,"Yes, the minimum opening cash deposit is zero."
84,Do I need approval from the District Community Development Officer (DCDO) to open a CenteVSLA Savings Account?,"Yes, an introduction letter from the DCDO (or LC1 of the area the group meets) is required."
85,Can I access CenteVSLA Savings Account services directly from the community level?,"Yes, account opening is facilitated at the field/community level."
86,What is the limit for unsecured bid security?,"UGX 1Bn, though higher amounts can be considered case-by-case."
87,What do I need from a client to begin processing a bid guarantee?,Bank account; company documents; National ID; TIN; bid data sheet; bid security format; guarantee application form.
88,What are the bid security related charges (Bank charges)?,"No application fee; CRB fee of UGX 9,000; commission of 1% per quarter, minimum Ushs. 200,000; applicable taxes; stamp duty of UGX 15,000; excise duty of 15% of commission collected by the bank."
89,What about charges for the other types of Bank Guarantees?,"No application fee; CRB fee of UGX 9,000; processing fee of 1% of guarantee amount, minimum Ushs. 150,000; commission of 1% per quarter or minimum Ushs. 200,000; applicable taxes; stamp duty of Ushs. 100,000; excise duty of 15% of commission collected by the bank. Prices are negotiable depending on transaction value & tenor."
90,Are there any special concessions on cash secured Bank Guarantee facilities?,Yes — no processing fees on cash-secured Bank Guarantees; only 0.5% of the facility amount per quarter as commission. Other standard charges apply.
91,Must all guarantees be approved at Head Office?,"No, branches can approve guarantees within delegated branch approval limits; however, issuance of guarantees is centralized at head office."
92,What are the requirements for processing a bank Guarantee?,"Usual loan requirements (audited books, company documents, collateral, etc.), plus a copy of the signed contract agreement, and/or supplier statements for distributors and evidence of previous works done for contractors."
93,Who are the Trade Finance target clients?,"Contractors, distributors, importers, exporters, and manufacturers."
94,Whom can we target for the Letters of Credit product?,"Any manufacturer importing raw materials, or anyone intending to import equipment or a production line."
95,Why would a client opt for a Letter of Credit instead of a loan?,"LCs help manage performance risk (e.g. advance payment with non-delivery), ensure timely order fulfilment, improve the client's liquidity position by reducing immediate cash needs, and guarantee quality of supply."
96,What are our key selling points?,Bids processed within 1 day; unsecured bid securities of up to UGX 1Bn; collateral requirement of only 50%; competitive pricing on all guarantee offers.
97,Do we offer Structured Trade Finance as the Bank?,"Yes, tailored structured finance using product mixes like Back-to-Back LCs, transfer LCs, collateral management arrangements, and import loans."
98,Who do I contact in case for support on a Trade Finance request?,Route requests through the Trade Finance Team group email. Trade Specialist Gerald: Gerald.Mungoma@centenarybank.co.ug. Manager Trade Finance Martin Kiwalabye: Martin.Kiwalabye@centenarybank.co.ug
